{
  "modelo": "LinearRegression",
  "mse": 0.3824283521291851,
  "r2": 0.31276385395084005
}